,"Prey \ predator",1,2,3,4,5,6,7,8,9,10,11,12,13,14,15,16,17,18,19,20,21,22,23,24,25,26,27,28,29,30,31,32,33,34,35,36,37,38,39,40,41,42,43,44,45,46,47,48,49,50,51,52,53,54,55,56,57,58,59,60,62
1,"Baleen whales",,,,,,,,,,,,,,,,,,,,,,,,,,,,,,,,,,,,,,,,,,,,,,,,,,,,,,,,,,,,,
2,"Toothed whales",,,,,,,,,,,,,,,,,,,,,,,,,,,,,,,,,,,,,,,,,,,,,,,,,,,,,,,,,,,,,
3,Seals,,,,,,,,,,,,,,,,,,,,,,,,,,,,,,,,,,,,,,,,,,,,,,,,,,,,,,,,,,,,,
4,"Seabird-surface feeders",,,,,,,,,,,,,,,,,,,,,,,,,,,,,,,,,,,,,,,,,,,,,,,,,,,,,,,,,,,,,
5,"Seabird-inshore divers",,,,,,,0.000204,,,,,,,,,,,,,,,,,,,,,,,,,,,,,,,,,,,,,,,,,,,,,,,,,,,,,,
6,"Seabird offshore divers",,,,,,,0.00816,,,,,,,,,,,,,,,,,,,,,,,,,,,,,,,,,,,,,,,,,,,,,,,,,,,,,,
7,Gulls,,,,,,,0.00169,,,,,,,,,,,,,,,,,,,,,,,,,,,,,,,,,,,,,,,,,,,,,,,,,,,,,,
8,"Manx shearwater",,,,,,,,,,,,,,,,,,,,,,,,,,,,,,,,,,,,,,,,,,,,,,,,,,,,,,,,,,,,,
9,"European storm petrel",,,,,,,,,,,,,,,,,,,,,,,,,,,,,,,,,,,,,,,,,,,,,,,,,,,,,,,,,,,,,
10,Cod,,,0.0200,,0.0373,,,,,,,,,,,,,,,,,,,,,,,,,,,,,,,,,,,,,,,,,,,,,,,,,,,,,,,,
11,"Juvenile cod",,0.00200,0.0730,,0.000070,0.00455,,,,0.0200,,,,,,,,,,,,,,,,,,,,,,,,,,,,,,,,,,,,,,,,,,,,,,,,,,,
12,"Blue whiting",,,0.001000,,,,,,,0.0321,0.0166,,,0.0501,,,,,0.147,0.0110,,,,,,,0.00100,,,,,0.00900,,,,,,0.00400,,,,,0.00600,,,,,,,,,,,,,,,,,,
13,"Juvenile blue whiting",,,,,0.000070,0.00455,,,,0.0230,,,,0.161,0.0523,,,0.160,,0.0639,,,,0.0140,,,0.00401,,,,,0.00900,,,,,,0.00400,0.135,,,,0.00600,,,,,,,,,,,,,,,,,,
14,Hake,,,0.0340,,,,,,,,,,,,,,,0.0557,,,,,,,,,,,,,,,,,,,,,,,,,,,,,,,,,,,,,,,,,,,
15,"Juvenile hake",,,,,0.000070,0.00455,,,0.0343,0.0890,,,,0.0420,0.00400,,,0.0100,,0.000849,,0.0160,,0.0250,,,,,,,,0.00200,,,,,,,,,,,,,,,,,,,,,,,,,,,,,
16,Plaice,,,0.150,,0.0343,,,,,,,,,,,,,,,,,,,,,,,,,,,,,,,,,,,,,,,,,,,,,,,,,,,,,,,,
17,"Juvenile plaice",,,,,,,,,,0.0441,,,,,,0.00100,,,,,,,,,,,,,,,,,,,,,,,,,,,,,,,,,,,,,,,,,,,,,
18,Megrim,,,,,,,,,,,,,,,,,,,,,,,0.0110,,,,,,,,,,,0.00200,,,,,,,,,,,,,,,,,,,,,,,,,,,
19,"Juvenile megrim",,,,,,,,,,0.00801,0.00783,,,0.0220,0.000700,,,0.00111,,,,0.0480,,,,,,,,,,,,,,,,,,,,,,,,,,,,,,,,,,,,,,,
20,Whiting,,,,,,,,,,,,,,,,,,,,,,,,,,,,,,,0.165,,,,,,,,,,,,,,,,,,,,,,,,,,,,,,
21,"Juvenile whiting",,0.316,0.110,,0.000070,0.00455,,,,0.0541,0.00196,,,0.0440,,,,,,0.0579,,0.0589,0.0561,,,,,,,,,0.00900,,0.0531,,,,,,,,,0.0360,,,,,,,,,,,,,,,,,,
22,Monkfish,,0.00200,,,,,,,,,,,,,,,,,,,,,,,,,,,,,,,,,,,,,,,,,,,,,,,,,,,,,,,,,,,
23,"Juvenile monkfish",,0.0500,,,,,,,,0.0230,,,,,,,,,,,,,,,,,,,,,,0.00100,,,,0.0240,,,,,,,,,,,,,,,,,,,,,,,,,
24,Haddock,,,0.0720,,,,,,,,,,,,,,,,,,,,,,,,,,,,,,,,,,,,,,,,,,,,,,,,,,,,,,,,,,
25,"Juvenile haddock",,,0.0120,,,0.00455,,,,0.0110,,,,,,,,0.000635,,,,,,,,,,,,,,,,,,,,,,,,,,,,,,,,,,,,,,,,,,,
26,Sole,,,0.00600,,,,,,,0.00560,,,,,,,,,,0.000320,,,,,,,,,,,,,,,,,,,,,,,,,,,,,,,,,,,,,,,,,
27,Mackerel,0.0180,0.240,,0.260,,,,,,0.0534,0.0342,,,0.190,0.274,,,0.0334,0.0136,0.0629,,0.220,,0.197,0.00699,,0.00901,,,0.395,0.203,0.344,,0.0100,,,,,0.159,,,,0.218,,,,,,,,,,,,,,,,,,
28,"Horse mackerel",,0.290,0.0220,,,,,,,0.0681,0.00881,,,0.150,0.263,,,0.182,0.112,0.122,,0.153,,0.185,,,0.0611,,,,,0.0560,,0.0180,,,,,,,,,0.205,,,,,,0.112,,,,,,,,,,,,
29,"Red mullet",,,,,,,,,,,,,,,,,,,,,,,,,,,,,,,,,,0.0100,,,,,,,,,,,,,,,,,,,,,,,,,,,
30,"Sea bass",,,,,,,,,,0.0200,,,,,,,,,,,,,,,,,,,,0.0450,,,,,,,,,,,,,,,,,,,,,,,,,,,,,,,
31,"Large sharks",,,,,,,,,,,,,,,,,,,,,,,,,,,,,,,,,,,,,,,,,,,,,,,,,,,,,,,,,,,,,
32,"Small sharks",,,,,,,,,,0.000541,,,,0.00701,,,,0.00780,,0.0130,,,,0.00399,,,,,,,,,,,,,,,,,,,,,,,,,,,,,,,,,,,,,
33,Clupeids,0.962,,,0.0574,,0.916,0.00204,0.236,0.00343,0.0421,0.0412,0.142,,0.106,0.0816,,,,,0.142,0.404,,,0.138,,,0.0160,,,0.0406,0.351,,,,,,,,0.197,,,0.256,0.108,,,,,,0.0928,,,,,,,,,,,,
34,"Rays and Skates",,,,,,,,,,,,,,,,,,,,,,0.150,,,,,,,,,,,,0.0500,,,,,,,,,,,,,,,,,,,,,,,,,,,
35,"Turbot and Brill",,0.01000,0.0110,,,,,,,0.00100,,,,,,,,,,,,,,,,,,,,,,,,,,,,,,,,,,,,,,,,,,,,,,,,,,,
36,"Small and medium flatfish",,,0.0200,,0.00202,,,,,0.0731,0.0235,,,0.00100,0.000100,,,0.00334,0.00523,0.00300,,0.0969,0.437,,,,,,,,0.211,0.00300,,,,,0.0571,,,,,,0.0240,,,,,,0.0808,,,,,,,,,,,,
37,Trisopterus,0.000200,0.0700,0.132,0.00765,,,,,0.213,0.100,0.259,,,0.157,0.264,,,0.390,0.0345,0.250,0.168,0.0380,0.221,0.250,,,,,,0.0180,,0.0240,,0.00300,,,,0.00599,,,,,0.0850,,,,,,,,,,,,,,,,,,
38,Gurnards,,,,,,,,,,0.100,,,,0.00701,,,,,,,,,,,,,,,,,,,,,,,,,,,,,0.0120,,,,,,,,,,,,,,,,,,
39,"Pollack and Saithe",,,0.136,,0.115,,,,,0.0501,,,,,,,,,,0.0999,,0.0380,,,,,,,,,,,,,,,,,,,,,0.0800,,,,,,,,,,,,,,,,,,
40,"Small benthic fishes",,0.01000,0.104,0.00136,0.366,,,,0.165,0.0801,0.0704,,,0.00100,0.001000,,,0.0234,0.0565,0.000949,0.00200,0.00200,0.149,0.000100,0.000500,,,,,0.00899,,0.00300,,0.0140,0.0701,0.0175,0.0260,0.0290,0.00107,,,,0.0160,,,,,,0.0404,,,,,,,,,,,,0.158
41,"Small pelagic spp.",,,0.0250,,,,,,,0.0130,0.0186,,,0.0400,0.01000,,,0.0624,0.0105,0.0559,0.00200,0.00699,0.0450,0.0899,0.000400,,0.00200,0.00500,,0.0879,,0.00100,,0.000911,,,,0.00699,,,,,0.0360,,,,,,0.294,,,,,,,,,,,,
42,Garfish,,,,0.260,,,,,0.00686,,,,,,,,,,,,,,,,,,,,,,,,,,,,,,,,,,,,,,,,,,,,,,,,,,,,
43,"Demersal predators",,,0.0180,0.00956,0.00806,,,,,0.00401,0.00783,,,0.00601,,,,,,,,,,,,,,,,,,,,0.101,,,,,,,,,,,,,,,,,,,,,,,,,,,
44,"Small crabs and other",,,,0.0172,0.0111,,0.169,0.0441,,0.0491,0.477,0.150,0.0956,0.00300,0.0160,,0.150,0.0356,0.284,0.0809,0.149,0.0220,0.0220,0.0280,0.167,,0.0871,0.00500,0.274,0.350,,0.210,0.0305,0.642,0.335,0.159,0.441,0.632,0.143,0.0872,,,0.0430,0.00606,0.180,,,,0.0917,0.00400,,,,,,,,,,,0.0278
45,"Large crabs and lobsters",,,,,0.00202,,,,,0.0290,,,,0.00200,,,,0.00668,0.0470,0.00300,0.000799,0.0460,,0.0110,0.0290,,,,0.0789,,,,,0.0130,0.0441,0.0319,,,,,,,0.0570,,,,,,,,,,,,,,,,,,
46,"Small benthic crustacea",,,,0.0382,,,0.0959,,0.451,,0.000489,,,,0.000100,0.0166,0.0500,,0.000209,0.000110,0.000998,,,0.00499,0.00699,,0.00401,0.000799,0.0200,,,0.000200,0.0600,0.00100,,0.00308,0.00901,0.00400,0.0708,0.0501,0.0146,0.0831,,,,,,,0.0928,0.00300,,,,,,,,,,,
47,Bivalves,,,,,,,0.0999,,,0.000321,0.00196,,,,,,,0.000512,0.00418,,,,,0.00499,0.143,,,,,,,0.00300,,,0.000501,0.112,,0.00400,,,,0.0130,,0.242,0.200,,,,0.0557,,,0.0500,,,,,,,,,
48,Gasteropods,,,,,,,0.000816,,,0.000321,0.00391,,,,,,,0.000379,,,0.00499,0.00699,,0.00499,0.0260,,0.0120,0.00999,,,,0.00100,0.0300,,0.0110,,0.00901,0.00300,,,,0.205,,,,,,,0.00218,,,,,,,,,,,,
49,Cuttlefish,,,,,,,,,,0.000541,0.00489,,,,0.00200,,,0.00557,0.0450,0.00200,0.0489,0.0759,,,0.00200,,,,,,,0.0110,,0.0140,,,0.00801,0.0340,,,,,0.0120,,,,,,0.0251,,,,,,,,,,,,
50,Squid,,,0.0540,0.00574,,,,0.484,,0.000321,0.000978,,,,0.000900,,,0.00334,0.0178,0.00200,0.00699,0.0220,0.0490,0.00200,,,,,,0.0260,,0.100,,0.00500,,,0.0541,,0.286,,,,,,,,,,0.112,,,,,,,,,,,,
51,"Sessile invertebrate",,,,,,,,,,0.000541,0.000978,,,,,,,0.00111,,,,,,0.00300,0.0180,,0.00701,,,,,0.0140,,,,0.194,,,,,,,,,,,,,,,,0.01000,,,,,,,,,
52,Echinoderms,,,,,,,,,,,0.000881,,,,0.000400,,,,,,,,,0.0270,0.522,0.391,,,0.241,,,,,,,0.0164,,,,,,,,,,,,,,,,0.0600,,,,,,,,,
53,Polychaetes,,,,0.000344,,,0.00816,,,0.00401,,,,,,0.763,0.210,0.000635,,0.000529,,,,0.00799,,0.609,0.000701,,0.387,0.00899,,0.0280,,0.0150,0.0180,0.327,0.0521,0.00300,,0.730,,0.187,,,,,,,,0.00100,,0.110,,,,,,,,,
54,Nematoda,,,,,,,,,,,,,,,,,,0.00223,,,0.00299,,0.00901,0.000300,0.000899,,0.00100,,,,,0.00100,,,,,,,,,,,,,,,,,,,0.01000,,,,,,,,,,
55,Zooplankton,,,,0.00765,,,,,0.0755,,,,,,,,0.160,,0.000314,,,,,,,,0.378,0.442,,,,,0.736,0.000100,0.00100,0.00205,0.00100,0.000200,,0.0501,0.897,,,,,,,,,0.0180,0.490,,,,,1.000,0.230,,,,0.0416
56,"Carnivorous macroplankton",,,,,,,,,0.0137,,,,,,,,0.330,,,,,,,,,,0.000911,,,,,0.000500,,,,,,,,,0.0300,,,,,,,,,,,,,,,,0.00501,,,,
57,Euphausiids,,,,,,0.00455,,,0.0343,,0.000587,0.695,0.904,,0.0230,0.219,,0.0145,0.220,0.000320,0.185,,,0.00399,0.00200,,0.397,0.537,,,,0.152,0.00555,0.0470,0.521,0.113,0.342,0.270,,0.0826,0.0582,,0.00200,,,,,,,0.974,,,,,,,,,,,0.772
58,Microflagellate,,,,,,,,,,,,,,,,,,,,,,,,,,,,,,,,,,,,,,,,,,,,,,,,,,,,,,,0.330,,,,,,
59,"Pelagic bacteria",,,,,,,,,,,,,,,,,,,,,,,,,,,,,,,,,,,,,,,,,,,,,,,,,,,,,,,,,,0.700,,,
60,"Benthic bacteria",,,,,,,,,,,,,,,,,,,,,,,,,,,,,,,,,,,,,,,,,,,,,,,,,,,,,0.300,0.300,,,,,,,
61,Phytoplankton,,,,,,,,,,,0.0176,,,,0.000100,,0.100,,0.00209,,0.00699,,,,0.0759,,0.0200,0.000200,,,,,0.138,,,,,,,,,,,,,,0.500,,,,0.100,0.0500,,,0.600,,0.582,,,,
62,Herring,0.0196,0.01000,0.000200,0.0574,0.424,0.0568,0.00204,0.236,0.00343,,,0.0129,,0.00967,0.00741,,,,,0.0283,0.0183,,,,,,,,,0.0203,0.0703,0.0180,,0.00100,,,,,0.00895,,,0.256,0.0540,,,,,,,,,,,,,,,,,,
63,"Particulate organic matter",,,,,,,,,,,,,,,,,,,,,,,,,,,,,,,,,,,,,,,,,,,,0.752,0.620,1.000,0.500,1.000,,,0.400,,0.400,0.700,,,0.183,0.300,,,
64,Discards,,,,0.277,,,0.612,,,,,,,,,,,,,,,,,,,,,,,,,,,,,,,,,,,,,,,,,,,,,,,,,,,,,,
65,"Dissolved organic matter",,,,,,,,,,,,,,,,,,,,,,,,,,,,,,,,,,,,,,,,,,,,,,,,,,,,0.720,0.300,,0.0700,,,,1.000,1.000,
,Import,0.000,0.000,0.000,0.000,0.000,0.000,0.000,0.000,0.000,0.000,0.000,0.000,0.000,0.000,0.000,0.000,0.000,0.000,0.000,0.000,0.000,0.000,0.000,0.000,0.000,0.000,0.000,0.000,0.000,0.000,0.000,0.000,0.000,0.000,0.000,0.000,0.000,0.000,0.000,0.000,0.000,0.000,0.000,0.000,0.000,0.000,0.000,0.000,0.000,0.000,0.000,0.000,0.000,0.000,0.000,0.000,0.000,0.000,0.000,0.000,0.000
,Sum,1.000,1.000,1.000,1.000,1.000,1.000,1.000,1.000,1.000,1.000,1.000,1.000,1.000,1.000,1.000,1.000,1.000,1.000,1.000,1.000,1.000,1.000,1.000,1.000,1.000,1.000,1.000,1.000,1.000,1.000,1.000,1.000,1.000,1.000,1.000,1.000,1.000,1.000,1.000,1.000,1.000,1.000,1.000,1.000,1.000,1.000,1.000,1.000,1.000,1.000,1.000,1.000,1.000,1.000,1.000,1.000,1.000,1.000,1.000,1.000,0.999
,"(1 - Sum)",0.000,0.000,0.000,0.000,0.000,0.000,0.000,0.000,0.000,0.000,0.000,0.000,0.000,0.000,0.000,0.000,0.000,0.000,0.000,0.000,0.000,0.000,0.000,0.000,0.000,0.000,0.000,0.000,0.000,0.000,0.000,0.000,0.000,0.000,0.000,0.000,0.000,0.000,0.000,0.000,0.000,0.000,0.000,0.000,0.000,0.000,0.000,0.000,0.000,0.000,0.000,0.000,0.000,0.000,0.000,0.000,0.000,0.000,0.000,0.000,0.001
