"...1","Group name","X1","X2","X3","X4","X5","X6","X7","X8","X9","X10","X11","X12","X13","X14","X15","X16","X17","X18","X19","X20","X21","X22","X23","X24","X25","X26","X27","X28","X29","X30","X31","X32","X33","X34","X35","X36","X37","X38","X39","X40","X41","X42","X43","X44","X45","X46","X47","X48","X49","X50","X51","X52","X53","X54","X55","X56","X57","X58","X59","X60","X61","X62","X63","X64","X65"
1,"Baleen whales",0,0,0,0,0,0,0,0,0,0,0,0,0,0,0,0,0,0,0,0,0,0,0,0,0,0,0,0,0,0,0,0,0,0,0,0,0,0,0,0,0,0,0,0,0,0,0,0,0,0,0,0,0,0,0,0,0,0,0,0,0,0,0,0,0
2,"Toothed whales",0,0,0,0,0,0,0,0,0,0,0,0,0,0,0,0,0,0,0,0,0,0,0,0,0,0,0,0,0,0,0,0,0,0,0,0,0,0,0,0,0,0,0,0,0,0,0,0,0,0,0,0,0,0,0,0,0,0,0,0,0,0,0,0,0
3,"Seals",0,0,0,0,0,0,0,0,0,0,0,0,0,0,0,0,0,0,0,0,0,0,0,0,0,0,0,0,0,0,0,0,0,0,0,0,0,0,0,0,0,0,0,0,0,0,0,0,0,0,0,0,0,0,0,0,0,0,0,0,0,0,0,0,0
4,"Seabird-surface feeders",0,0,0,0,0,0,0,0,0,0,0,0,0,0,0,0,0,0,0,0,0,0,0,0,0,0,0,0,0,0,0,0,0,0,0,0,0,0,0,0,0,0,0,0,0,0,0,0,0,0,0,0,0,0,0,0,0,0,0,0,0,0,0,0,0
5,"Seabird-inshore divers",0,0,0,0,0,0,0.000204723597104417,0,0,0,0,0,0,0,0,0,0,0,0,0,0,0,0,0,0,0,0,0,0,0,0,0,0,0,0,0,0,0,0,0,0,0,0,0,0,0,0,0,0,0,0,0,0,0,0,0,0,0,0,0,0,0,0,0,0
6,"Seabird offshore divers",0,0,0,0,0,0,0.00809077254839943,0,0,0,0,0,0,0,0,0,0,0,0,0,0,0,0,0,0,0,0,0,0,0,0,0,0,0,0,0,0,0,0,0,0,0,0,0,0,0,0,0,0,0,0,0,0,0,0,0,0,0,0,0,0,0,0,0,0
7,"Gulls",0,0,0,0,0,0,0.00167883503105138,0,0,0,0,0,0,0,0,0,0,0,0,0,0,0,0,0,0,0,0,0,0,0,0,0,0,0,0,0,0,0,0,0,0,0,0,0,0,0,0,0,0,0,0,0,0,0,0,0,0,0,0,0,0,0,0,0,0
8,"Manx shearwater",0,0,0,0,0,0,0,0,0,0,0,0,0,0,0,0,0,0,0,0,0,0,0,0,0,0,0,0,0,0,0,0,0,0,0,0,0,0,0,0,0,0,0,0,0,0,0,0,0,0,0,0,0,0,0,0,0,0,0,0,0,0,0,0,0
9,"European storm petrel",0,0,0,0,0,0,0,0,0,0,0,0,0,0,0,0,0,0,0,0,0,0,0,0,0,0,0,0,0,0,0,0,0,0,0,0,0,0,0,0,0,0,0,0,0,0,0,0,0,0,0,0,0,0,0,0,0,0,0,0,0,0,0,0,0
10,"Cod",0,0,0.0199997592976691,0,0,0,0,0,0,0,0,0,0,0,0,0,0,0,0,0,0,0,0,0,0,0,0,0,0,0,0,0,0,0,0,0,0,0,0,0,0,0,0,0,0,0,0,0,0,0,0,0,0,0,0,0,0,0,0,0,0,0,0,0,0
11,"Juvenile cod",0,0.00199799396800204,0.072999121436492,0,0,0.051018138590641,0.00100382260377563,0,0,0.0208771040196067,0,0,0,0,0,0,0,0,0,0,0,0,0,0,0,0,0,0,0,0,0,0,0,0,0,0,0,0,0,0,0,0,0,0,0,0,0,0,0,0,0,0,0,0,0,0,0,0,0,0,0,0,0,0,0
12,"Blue whiting",0,0,0.000999574354292005,0,0,0,0,0,0,0.0334569997115971,0.0173842098588796,0,0,0.0560121829028431,0.010689501711347,0,0,0,0.14740046087483,0.00274917340173772,0,0,0,0,0,0,0.00168460753254909,0,0,0,0,0.00901171504938395,0,0,0,0,0,0.00400801667942384,0,0,0,0,0.00442331261613349,0,0,0,0,0,0,0,0,0,0,0,0,0,0,0,0,0,0,0,0,0,0
13,"Juvenile blue whiting",0,0,0,0,0,0.051018138590641,0.00100382260377563,0,0,0.0240472191951199,0,0,0,0.180359272592968,0.0665955956616918,0,0,0.160425420166873,0,0,0,0,0,0.015834568955204,0,0,0.00673843013019637,0,0,0,0,0.00901171504938395,0,0,0,0,0,0.00400801667942384,0.147674473281694,0,0,0,0.00442331261613349,0,0,0,0,0,0,0,0,0,0,0,0,0,0,0,0,0,0,0,0,0,0
14,"Hake",0,0,0.0339920108972636,0,0,0,0,0,0,0,0,0,0,0,0,0,0,0.055703260054002,0,0,0,0,0,0,0,0,0,0,0,0,0,0,0,0,0,0,0,0,0,0,0,0,0,0,0,0,0,0,0,0,0,0,0,0,0,0,0,0,0,0,0,0,0,0,0
15,"Juvenile hake",0,0,0,0,0,0.051018138590641,0.00100382260377563,0,0.0371861625795009,0.0929201694812339,0,0,0,0.0470502314001414,0.00427451901328361,0,0,0.0100265850090658,0,0.00097261516644486,0,0.0161027562658702,0,0.0282760119463504,0,0,0,0,0,0,0,0.00200260334430754,0,0,0,0,0,0,0,0,0,0,0,0,0,0,0,0,0,0,0,0,0,0,0,0,0,0,0,0,0,0,0,0,0
16,"Plaice",0,0,0.149964795134491,0,0,0,0,0,0,0,0,0,0,0,0,0,0,0,0,0,0,0,0,0,0,0,0,0,0,0,0,0,0,0,0,0,0,0,0,0,0,0,0,0,0,0,0,0,0,0,0,0,0,0,0,0,0,0,0,0,0,0,0,0,0
17,"Juvenile plaice",0,0,0,0,0,0,0,0,0,0.0460033772130841,0,0,0,0,0,0.00100019984627212,0,0,0,0,0,0,0,0,0,0,0,0,0,0,0,0,0,0,0,0,0,0,0,0,0,0,0,0,0,0,0,0,0,0,0,0,0,0,0,0,0,0,0,0,0,0,0,0,0
18,"Megrim",0,0,0,0,0,0,0,0,0,0,0,0,0,0,0,0,0,0,0,0,0,0,0.0110150900113704,0,0,0,0,0,0,0,0,0,0,0.00200218245049821,0,0,0,0,0,0,0,0,0,0,0,0,0,0,0,0,0,0,0,0,0,0,0,0,0,0,0,0,0,0,0
19,"Juvenile megrim",0,0,0,0,0,0,0,0,0,0.00836425201560968,0.00818080279499948,0,0,0.0246453582390042,0.000748040640258352,0,0,0.00111406500100731,0,0,0,0.0483082486490417,0,0,0,0,0,0,0,0,0,0,0,0,0,0,0,0,0,0,0,0,0,0,0,0,0,0,0,0,0,0,0,0,0,0,0,0,0,0,0,0,0,0,0
20,"Whiting",0,0,0,0,0,0,0,0,0,0,0,0,0,0,0,0,0,0,0,0,0,0,0,0,0,0,0,0,0,0,0.254101318405561,0,0,0,0,0,0,0,0,0,0,0,0,0,0,0,0,0,0,0,0,0,0,0,0,0,0,0,0,0,0,0,0,0,0
21,"Juvenile whiting",0,0.315683046944323,0.109974176432041,0,0,0.051018138590641,0.00100382260377563,0,0,0.0564586935374152,0.0020452001761491,0,0,0.0492907276692425,0,0,0,0,0,0.0663666725122112,0,0.0593788998782552,0.0560768309703451,0,0,0,0,0,0,0,0,0.00901171504938395,0,0.0530578319379023,0,0,0,0,0,0,0,0,0.0265398712734891,0,0,0,0,0,0,0,0,0,0,0,0,0,0,0,0,0,0,0,0,0,0
22,"Monkfish",0,0.00199799396800204,0,0,0,0,0,0,0,0,0,0,0,0,0,0,0,0,0,0,0,0,0,0,0,0,0,0,0,0,0,0,0,0,0,0,0,0,0,0,0,0,0,0,0,0,0,0,0,0,0,0,0,0,0,0,0,0,0,0,0,0,0,0,0
23,"Juvenile monkfish",0,0.049949849200051,0,0,0,0,0,0,0,0.0240086696225478,0,0,0,0,0,0,0,0,0,0,0,0,0,0,0,0,0,0,0,0,0,0.00100130167215377,0,0,0,0.0239411596895935,0,0,0,0,0,0,0,0,0,0,0,0,0,0,0,0,0,0,0,0,0,0,0,0,0,0,0,0,0
24,"Haddock",0,0,0.0719974834914665,0,0,0,0,0,0,0,0,0,0,0,0,0,0,0,0,0,0,0,0,0,0,0,0,0,0,0,0,0,0,0,0,0,0,0,0,0,0,0,0,0,0,0,0,0,0,0,0,0,0,0,0,0,0,0,0,0,0,0,0,0,0
25,"Juvenile haddock",0,0,0.0119971856107352,0,0,0.051018138590641,0.00100382260377563,0,0,0.0115008416936331,0,0,0,0,0,0,0,0.000635016850501431,0,0,0,0,0,0,0,0,0,0,0,0,0,0,0,0,0,0,0,0,0,0,0,0,0,0,0,0,0,0,0,0,0,0,0,0,0,0,0,0,0,0,0,0,0,0,0
26,"Sole",0,0,0.0059985898054037,0,0,0,0,0,0,0.00584558912548988,0,0,0,0,0,0,0,0,0,0.000366161259888529,0,0,0,0,0,0,0,0,0,0,0,0,0,0,0,0,0,0,0,0,0,0,0,0,0,0,0,0,0,0,0,0,0,0,0,0,0,0,0,0,0,0,0,0,0
27,"Mackerel",0.0359067993928225,0.239759276160245,0,0,0,0,0,0,0,0.0557731833883793,0.0357910135346247,0,0,0.212846306222038,0.10689501711347,0,0,0.0334219500302192,0.0135901092299331,0,0,0.203500544024956,0,0.222814980932985,0.00679460224015294,0,0.0151614677929418,0,0,0.411315490789343,0.312621551033737,0.344447775220898,0,0.0100109122524911,0,0,0,0,0.173802081729052,0,0,0,0.160713664933906,0,0,0,0,0,0,0,0,0,0,0,0,0,0,0,0,0,0,0,0,0,0
28,"Horse mackerel",0,0.289709125360296,0.021994835286408,0,0,0,0,0,0,0.0710793783400822,0.00920340288307404,0,0,0.1680366046647,0.0160342525670205,0,0,0.181592615171464,0.111857039816663,0.00744567796303965,0,0.420097657714884,0,0.20924252238171,0,0,0.102761056120963,0,0,0,0,0.056072903650625,0,0.0180196440546842,0,0,0,0,0,0,0,0,0.15112982252959,0,0,0,0,0,0.124246058274813,0,0,0,0,0,0,0,0,0,0,0,0,0,0,0,0
29,"Red mullet",0,0,0,0,0,0,0,0,0,0,0,0,0,0,0,0,0,0,0,0,0,0,0,0,0,0,0,0,0,0,0,0,0,0.0100109122524911,0,0,0,0,0,0,0,0,0,0,0,0,0,0,0,0,0,0,0,0,0,0,0,0,0,0,0,0,0,0,0
30,"Sea bass",0,0,0,0,0,0,0,0,0,0.0208771040196067,0,0,0,0,0,0,0,0,0,0,0,0,0,0,0,0,0,0,0,0.046858731416776,0,0,0,0,0,0,0,0,0,0,0,0,0,0,0,0,0,0,0,0,0,0,0,0,0,0,0,0,0,0,0,0,0,0,0
31,"Large sharks",0,0,0,0,0,0,0,0,0,0,0,0,0,0,0,0,0,0,0,0,0,0,0,0,0,0,0,0,0,0,0,0,0,0,0,0,0,0,0,0,0,0,0,0,0,0,0,0,0,0,0,0,0,0,0,0,0,0,0,0,0,0,0,0,0
32,"Small sharks",0,0,0,0,0,0,0,0,0,0.000564586830988631,0,0,0,0.00784170560639804,0,0,0,0.00779845600741481,0,0,0,0,0,0.00452416191141607,0,0,0,0,0,0,0,0,0,0,0,0,0,0,0,0,0,0,0,0,0,0,0,0,0,0,0,0,0,0,0,0,0,0,0,0,0,0,0,0,0
33,"Clupeids",0,0,0,0,0,0,0,0,0,0,0,0,0,0,0,0,0,0,0,0,0,0,0,0,0,0,0,0,0,0,0,0,0,0,0,0,0,0,0,0,0,0,0,0,0,0,0,0,0,0,0,0,0,0,0,0,0,0,0,0,0,0,0,0,0
34,"Rays and Skates",0,0,0,0,0,0,0,0,0,0,0,0,0,0,0,0,0,0,0,0,0,0,0,0,0,0,0,0,0,0,0,0,0,0.0500545612624554,0,0,0,0,0,0,0,0,0,0,0,0,0,0,0,0,0,0,0,0,0,0,0,0,0,0,0,0,0,0,0
35,"Turbot and Brill",0,0.00998996984001021,0.0109974176432041,0,0,0,0,0,0,0.00104553163243311,0,0,0,0,0,0,0,0,0,0,0,0,0,0,0,0,0,0,0,0,0,0,0,0,0,0,0,0,0,0,0,0,0,0,0,0,0,0,0,0,0,0,0,0,0,0,0,0,0,0,0,0,0,0,0
36,"Small and medium flatfish",0,0,0.0199952993513457,0,0,0.0113030764321383,0.00100382260377563,0,0,0.0763237799396715,0.0245424083849984,0,0,0.00112024365805686,0.00010689501711347,0,0,0.00334219500302192,0.00522696762669178,0.00343275880454655,0,0,0.437599487725452,0,0,0,0,0,0,0,0.32494160000809,0.00300390501646132,0,0,0,0,0.0516352340926804,0,0,0,0,0,0.0176932475156593,0,0,0,0,0,0.0892641743563611,0,0,0,0,0,0,0,0,0,0,0,0,0,0,0,0
37,"Trisopterus",0.000399361164507066,0.0699297988700413,0.131969011718448,0,0,0,0,0,0.230554244827054,0.104553163243311,0.270529510940924,0,0,0.175878302437234,0.209514233542401,0,0,0.389922850388923,0.0344979957354044,0.617418526473595,0.158641244393236,0.038244028501444,0.221081889173914,0.282760119463504,0,0,0,0,0,0.0187434925667104,0,0.0240312401316905,0,0.00300327367574732,0,0,0,0.00601202401592925,0,0,0,0,0.0626635923234801,0,0,0,0,0,0,0,0,0,0,0,0,0,0,0,0,0,0,0,0,0,0
38,"Gurnards",0,0,0,0,0,0,0,0,0,0.104553163243311,0,0,0,0.00784170560639804,0,0,0,0,0,0,0,0,0,0,0,0,0,0,0,0,0,0,0,0,0,0,0,0,0,0,0,0,0.00884662375782968,0,0,0,0,0,0,0,0,0,0,0,0,0,0,0,0,0,0,0,0,0,0
39,"Pollack and Saithe",0,0,0.135968063588813,0,0,0.0113030764321383,0.00100382260377563,0,0,0.0522765607445516,0,0,0,0,0,0,0,0,0,0,0,0.038244028501444,0,0,0,0,0,0,0,0,0,0,0,0,0,0,0,0,0,0,0,0,0.0589774990910509,0,0,0,0,0,0,0,0,0,0,0,0,0,0,0,0,0,0,0,0,0,0
40,"Small benthic fishes",0,0.00998996984001021,0.103975548627094,0,0,0,0,0,0.178493619382466,0.0836425097175448,0.0736272251549953,0,0,0.00112024365805686,0.00106862948608336,0,0,0.0233953750247901,0.056451257567688,0.040092112108675,0.0191134029389441,0.00201284402951955,0.149055210348023,0.000113149126216066,0.000485328384498812,0,0,0,0,0.0093717462833552,0,0.00300390501646132,0,0.014015273153087,0.0709579359512004,0.0174375676410437,0.0235529203061344,0.0290581174146001,0.00117369600959977,0,0,0,0.0117954983437729,0,0,0,0,0,0.0446320816534522,0,0,0,0,0,0,0,0,0,0,0,0,0,0,0,0
41,"Small pelagic spp ",0.00199720526358805,0.001003006009009,0.0249941291891219,0,0,0.0113030764321383,0.00100382260377563,0.00130754986987229,0,0.0135919028707888,0.0194294079446257,0,0,0.0448097463222745,0.042758006845388,0,0,0.0623876500600459,0.0104539332535455,0.0343646675217214,0.00381581123077257,0.00704495410331843,0.0450617409589747,0.101793643006862,0.00038826270759905,0,0.00336921506509819,0.00910746875488141,0,0.0916348444412238,0,0.00100130167215377,0,0.000910993204995711,0,0,0,0.00701402868738847,0,0,0,0,0.0265398712734891,0,0,0,0,0,0.32448740713857,0,0,0,0,0,0,0,0,0,0,0,0,0,0,0,0
42,"Garfish",0,0,0,0,0,0,0,0,0.00743723576597201,0,0,0,0,0,0,0,0,0,0,0,0,0,0,0,0,0,0,0,0,0,0,0,0,0,0,0,0,0,0,0,0,0,0,0,0,0,0,0,0,0,0,0,0,0,0,0,0,0,0,0,0,0,0,0,0
43,"Demersal predators",0,0,0.017995773416163,0,0,0,0,0,0,0.00418212548587724,0.00818080279499948,0,0,0.00672146194834118,0,0,0,0,0,0,0,0,0,0,0,0,0,0,0,0,0,0,0,0.101110222751061,0,0,0,0,0,0,0,0,0,0,0,0,0,0,0,0,0,0,0,0,0,0,0,0,0,0,0,0,0,0,0
44,"Small crabs and other",0,0,0,0,0,0,0.167883503105138,0.0575423102765822,0,0.0512310353752496,0.499028855522801,0.174981162305307,0.0321989405532665,0.00336073097417059,0.277927044495022,0,0.178571428571429,0.0356500900358705,0.284347068489635,0.120276336326025,0.284278037993592,0.0221412823098582,0.0220301800227408,0.031669137910408,0.162099777565994,0,0.146560865425366,0.00910746875488141,0.273696150030749,0.364456811489884,0,0.210273351152292,0,0.641699444381574,0.338570658767024,0.158989584376534,0.399493665150943,0.634268489539449,0.156101605360246,0.091710229365418,0,0.799147847619876,0.0317004091710761,0.00606060596363636,0.18,0,0,0,0.101326899426198,0.00407331975560082,0,0,0,0,0,0,0,0,0,0,0,0.0265945658794775,0,0,0
45,"Large crabs and lobsters",0,0,0,0,0,0,0,0,0,0.0303204027265874,0,0,0,0.00224048731611373,0,0,0,0.0066843910064075,0.047042719639335,0.00343275880454655,0.0015263256391132,0.0462954066343791,0,0.0124414429911464,0.0281490657296094,0,0,0,0.078912397125268,0,0,0,0,0.013014182927938,0.0446021305909464,0.031829711854494,0,0,0,0,0,0,0.042021462849691,0,0,0,0,0,0,0,0,0,0,0,0,0,0,0,0,0,0,0,0,0,0
46,"Small benthic crustacea",0,0,0,0,0,0,0.0950665898410343,0,0.488378433936656,0,0.000511300044037278,0,0,0,0.053447508556735,0.0166033174481172,0.0595238095238095,0,0.000209079065038514,0.000125867467731809,0.00190790561538628,0,0,0.00565520238927009,0.00679460224015294,0,0.00673843013019637,0.00145719536544407,0.0199778192725264,0,0,0.000200260334430755,0,0.00100109122524911,0,0.00307721840678045,0.00815293179410486,0.00400801667942384,0.0774639322598298,0.0527094468841932,0.141689367197321,0.0210302065163125,0,0,0,0,0,0,0.102533168618345,0.00305498981670061,0,0,0,0,0,0,0,0,0,0,0,0.0522512052083959,0,0,0
47,"Bivalves",0,0,0,0,0,0,0.0991119711562977,0,0,0.000334570205887011,0.0020452001761491,0,0,0,0,0,0,0.000512470300608827,0.00418157430133722,0,0,0,0,0.00565520238927009,0.138804015110052,0,0,0,0,0,0,0.00300390501646132,0,0,0.00050684225505654,0.111917327524908,0,0.00400801667942384,0,0,0,0.013683314384942,0,0.242424198545455,0.2,0,0,0,0.061519894541333,0,0,0.05,0,0,0,0,0,0,0,0,0,0,0,0,0
48,"Gasteropods",0,0,0,0,0,0,0,0,0,0,0,0,0,0,0,0,0,0,0,0,0,0,0,0,0,0,0,0,0,0,0,0,0,0,0,0,0,0,0,0,0,0,0,0,0,0,0,0,0,0,0,0,0,0,0,0,0,0,0,0,0,0,0,0,0
49,"Cuttlefish",0,0,0,0,0,0,0,0,0,0.000564586830988631,0.00511300044037277,0,0,0,0.00213725897216672,0,0,0.00557032500503653,0.04495192898895,0.0022885058696977,0,0.0764880670771723,0,0,0.00194131450942916,0,0,0,0,0,0,0.0110143183936915,0,0.014015273153087,0,0,0.00724705128807146,0.0340681407718961,0,0,0,0,0.00884662375782968,0,0,0,0,0,0.0277442577161146,0,0,0,0,0,0,0,0,0,0,0,0,0,0,0,0
50,"Squid",0,0,0.0539873102486093,0,0,0.0113030764321383,0.00100382260377563,0.630981247591899,0,0.000334570205887011,0.00102260008807455,0,0,0,0.000961766537475024,0,0,0.00334219500302192,0.0177717005298936,0.0022885058696977,0,0.0221412823098582,0.0490672245981256,0.00226208095570803,0,0,0,0,0,0.0270739348656332,0,0.100130167215377,0,0.00500545612624554,0,0,0.0489175925745802,0,0.312203101376622,0,0,0,0,0,0,0,0,0,0.124246058274813,0,0,0,0,0,0,0,0,0,0,0,0,0,0,0,0
51,"Sessile invertebrate",0,0,0,0,0,0,0,0,0,0.000564586830988631,0.00102260008807455,0,0,0,0,0,0,0.00111406500100731,0,0,0,0,0,0.00339312143356205,0.0174718315562964,0,0.0117922544101095,0,0,0,0,0.0140182234101528,0,0,0,0.193780505929964,0,0,0,0,0,0,0,0,0,0,0,0,0,0,0,0.01,0,0,0,0,0,0,0,0,0,0,0,0,0
52,"Echinoderms",0,0,0,0,0,0,0.00100382260377563,0,0.00108552494444195,0,0.000920340706388014,0,0,0,0.000427451794433344,0,0,0,0,0,0,0,0,0.0305380883715629,0.506683124846934,0.3914,0,0,0.240732781227445,0,0,0,0,0,0,0.0164118348335413,0,0,0,0,0,0,0,0,0,0,0,0,0,0,0,0.06,0,0,0,0,0,0,0,0,0,0,0,0,0
53,"Polychaetes",0,0,0,0,0,0,0.00809077254839943,0,0,0.00418212548587724,0,0,0,0,0,0.763152582705611,0.25,0.000635016850501431,0,0.000606453906556331,0.0917443341069318,0,0,0.00904832382283214,0,0.6086,0.00117922459987804,0,0.386570815921956,0.0093717462833552,0,0.0280364568303193,0,0.015016363378236,0.0182463252306924,0.327210903910504,0.0471058315625135,0.00300601200796463,0,0.768021926735683,0,0.0210302065163125,0,0,0,0,0,0,0,0.0010183299389002,0,0.11,0,0,0,0,0,0,0,0,0,0,0,0,0
54,"Nematoda",0,0,0,0,0,0,0,0,0,0,0,0,0,0,0,0,0,0.00222813100237828,0,0,0,0,0.00901234619105386,0.00033931259640576,0.000873592063531777,0,0.00168460753254909,0,0,0,0,0.00100130167215377,0,0,0,0,0,0,0,0,0,0,0,0,0,0,0,0,0,0,0.0196078431372549,0,0,0,0,0,0,0,0,0,0,0,0,0,0
55,"Zooplankton",0,0,0,0,0,0,0,0,0,0,0,0,0,0,0,0,0,0,0,0,0,0,0,0,0,0,0,0,0,0,0,0,0,0,0,0,0,0,0,0,0,0,0,0,0,0,0,0,0,0,0,0,0,0,0,0,0,0,0,0,0,0,0,0,0
56,"Carnivorous macroplankton",0,0,0,0,0,0.0113030764321383,0.00100382260377563,0.00130754986987229,0.0148744736986586,0,0,0,0,0,0,0,0.392857142857143,0,0,0,0,0,0,0,0,0,0.0015329933256541,0,0,0,0,0.000500650836076886,0,0,0,0,0,0,0,0,0.291942385488687,0,0,0,0,0,0,0,0,0,0,0,0,0,0,0,0.00650195028109735,0,0,0,0,0,0,0,0
57,"Euphausiids",0,0,0,0,0,0.051018138590641,0,0,0.0371861625795009,0.00052221726665129,0.0030153147900877,0.81001592009921,0.967801059446733,0,0.196686831488785,0.2192439,0,0.014497877027839,0.219927377230427,0.0290438715004416,0.352962624856776,0,0,0.0336389294155873,0.0557445200302343,0,0.667104697283517,0.979963568739261,0.0001100364220557,0,0,0.152197854167373,0,0.0470512905870084,0.52711610720508,0.115404185832637,0.413894773230972,0.270541120845077,0.121794833597458,0.0875583970147056,0.566368247313992,0.126181239097875,0.343879362017327,0,0,0,0,0,0,0.991853360488798,0,0,0,0,0,0,0,0,0,0,0,0.800714678394722,0,0,0
58,"Microflagellate",0,0,0,0,0,0,0,0,0,0,0,0,0,0,0,0,0,0,0,0,0,0,0,0,0,0,0,0,0,0,0,0,0,0,0,0,0,0,0,0,0,0,0,0,0,0,0,0,0,0,0,0,0,0,0,0,0,0,0,0,0,0,0,0,0
59,"Pelagic bacteria",0,0,0,0,0,0,0,0,0,0,0,0,0,0,0,0,0,0,0,0,0,0,0,0,0,0,0,0,0,0,0,0,0,0,0,0,0,0,0,0,0,0,0,0,0,0,0,0,0,0,0,0,0,0,0,0,0,0.7,0,0,0,0,0,0,0
60,"Benthic bacteria",0,0,0,0,0,0,0,0,0,0,0,0,0,0,0,0,0,0,0,0,0,0,0,0,0,0,0,0,0,0,0,0,0,0,0,0,0,0,0,0,0,0,0,0,0,0,0,0,0,0,0,0,0.3,0.3,0,0,0,0,0,0,0,0,0,0,0
61,"Phytoplankton",0,0,0,0,0,0,0,0,0,0,0.0184068036757451,0,0,0,0.00010689501711347,0,0.119047619047619,0,0.00209078765062811,0,0,0,0,0,0.0737699630155151,0,0.0336921506509819,0.000364298385532208,0,0,0,0,0,0,0,0,0,0,0,0,0,0,0,0,0,0,0.5,0,0,0,0.196078431372549,0.05,0,0,0,0,0.755526647346215,0,0,0,0,0.120439550517405,0,0,0
62,"Herring",0.961696634179082,0.00998996984001021,0.000199914470939477,0,0,0.637375786295463,0.0020226936329935,0.307553792521902,0.00371861734130738,0,0,0.0150029175954828,0,0.0108246887820181,0.0096205515402123,0,0,0,0,0.0687293350434429,0.0860103132252485,0,0,0,0,0,0,0,0,0.0211732018637194,0.108335530552612,0.0180234300987679,0,0.00100109122524911,0,0,0,0,0.00978627638549869,0,0,0.0189271858646813,0.0398058259295425,0,0,0,0,0,0,0,0,0,0,0,0,0,0,0,0,0,0,0,0,0,0
63,"Particulate organic matter",0,0,0,0,0,0,0,0,0,0,0,0,0,0,0,0,0,0,0,0,0,0,0,0,0,0,0,0,0,0,0,0,0,0,0,0,0,0,0,0,0,0,0,0.751515195490909,0.62,1,0.5,0,0,0,0.784313725490196,0,0.4,0.7,0,0,0.237971402372687,0.3,0,0,0,0,0,0,0
64,"Discards",0,0,0,0,0,0,0.60680808989805,0.00130754986987229,0.00108552494444195,0,0,0,0,0,0,0,0,0,0,0,0,0,0,0,0,0,0,0,0,0,0,0,0,0,0,0,0,0,0,0,0,0,0,0,0,0,0,0,0,0,0,0,0,0,0,0,0,0,0,0,0,0,0,0,0
65,"Dissolved organic matter",0,0,0,0,0,0,0,0,0,0,0,0,0,0,0,0,0,0,0,0,0,0,0,0,0,0,0,0,0,0,0,0,0,0,0,0,0,0,0,0,0,0,0,0,0,0,0,0,0,0,0,0.72,0.3,0,0,0,0,0,1,1,0,0,0,0,0
