"RowNumber","Prey...predator","Baleen.whales","Toothed.whales","Seals","Seabird.surface.feeders","Seabird.inshore.divers","Seabird.offshore.divers","Gulls","Manx.shearwater","European.storm.petrel","Cod","Juvenile.cod","Blue.whiting","Juvenile.blue.whiting","Hake","Juvenile.hake","Plaice","Juvenile.plaice","Megrim","Juvenile.megrim","Whiting","Juvenile.whiting","Monkfish","Juvenile.monkfish","Haddock","Juvenile.haddock","Sole","Mackerel","Horse.mackerel","Red.mullet","Sea.bass","Large.sharks","Small.sharks","Pilchard","Sprat","European.Anchovy","Herring","Rays.and.Skates","Turbot.and.Brill","Small.and.medium.flatfish","Trisopterus","Gurnards","Pollack.and.Saithe","Small.benthic.fishes","Small.pelagic.spp.","Garfish","Demersal.predators","Small.crabs.and.other","Large.crabs.and.lobsters","Small.benthic.crustacea","Bivalves","Gastropods","Cuttlefish","Squid","Sessile.invertebrate","Echinoderms","Polychaetes","Nematoda","Large.zooplankton","Small.zooplankton","Carnivorous.macroplankton","Euphausiids","Microflagellate","Pelagic.bacteria","Benthic.bacteria"
NA,NA,1,2,3,4,5,6,7,8,9,10,11,12,13,14,15,16,17,18,19,20,21,22,23,24,25,26,27,28,29,30,31,32,33,34,35,36,37,38,39,40,41,42,43,44,45,46,47,48,49,50,51,52,53,54,55,56,57,58,59,60,61,62,63,64
1,"Baleen whales",0,0,0,0,0,0,0,0,0,0,0,0,0,0,0,0,0,0,0,0,0,0,0,0,0,0,0,0,0,0,0,0,0,0,0,0,0,0,0,0,0,0,0,0,0,0,0,0,0,0,0,0,0,0,0,0,0,0,0,0,0,0,0,0
2,"Toothed whales",0,0,0,0,0,0,0,0,0,0,0,0,0,0,0,0,0,0,0,0,0,0,0,0,0,0,0,0,0,0,0,0,0,0,0,0,0,0,0,0,0,0,0,0,0,0,0,0,0,0,0,0,0,0,0,0,0,0,0,0,0,0,0,0
3,"Seals",0,0,0,0,0,0,0,0,0,0,0,0,0,0,0,0,0,0,0,0,0,0,0,0,0,0,0,0,0,0,0,0,0,0,0,0,0,0,0,0,0,0,0,0,0,0,0,0,0,0,0,0,0,0,0,0,0,0,0,0,0,0,0,0
4,"Seabird-surface feeders",0,0,0,0,0,0,0,0,0,0,0,0,0,0,0,0,0,0,0,0,0,0,0,0,0,0,0,0,0,0,0,0,0,0,0,0,0,0,0,0,0,0,0,0,0,0,0,0,0,0,0,0,0,0,0,0,0,0,0,0,0,0,0,0
5,"Seabird-inshore divers",0,0,0,0,0,0,0.000203944,0,0,0,0,0,0,0,0,0,0,0,0,0,0,0,0,0,0,0,0,0,0,0,0,0,0,0,0,0,0,0,0,0,0,0,0,0,0,0,0,0,0,0,0,0,0,0,0,0,0,0,0,0,0,0,0,0
6,"Seabird offshore divers",0,0,0,0,0,0,0.00805996250529526,0,0,0,0,0,0,0,0,0,0,0,0,0,0,0,0,0,0,0,0,0,0,0,0,0,0,0,0,0,0,0,0,0,0,0,0,0,0,0,0,0,0,0,0,0,0,0,0,0,0,0,0,0,0,0,0,0
7,"Gulls",0,0,0,0,0,0,0.00167244194814588,0,0,0,0,0,0,0,0,0,0,0,0,0,0,0,0,0,0,0,0,0,0,0,0,0,0,0,0,0,0,0,0,0,0,0,0,0,0,0,0,0,0,0,0,0,0,0,0,0,0,0,0,0,0,0,0,0
8,"Manx shearwater",0,0,0,0,0,0,0,0,0,0,0,0,0,0,0,0,0,0,0,0,0,0,0,0,0,0,0,0,0,0,0,0,0,0,0,0,0,0,0,0,0,0,0,0,0,0,0,0,0,0,0,0,0,0,0,0,0,0,0,0,0,0,0,0
9,"European storm petrel",0,0,0,0,0,0,0,0,0,0,0,0,0,0,0,0,0,0,0,0,0,0,0,0,0,0,0,0,0,0,0,0,0,0,0,0,0,0,0,0,0,0,0,0,0,0,0,0,0,0,0,0,0,0,0,0,0,0,0,0,0,0,0,0
10,"Cod",0,0,0.020003813888871,0,0.037112006448448,0,0,0,0,0,0,0,0,0,0,0,0,0,0,0,0,0,0,0,0,0,0,0,0,0,0,0,0,0,0,0,0,0,0,0,0,0,0,0,0,0,0,0,0,0,0,0,0,0,0,0,0,0,0,0,0,0,0,0
11,"Juvenile cod",0,0.00199200598007994,0.0730139206943791,0.001,6.95e-05,0.00451365067704753,0.001,0,0,0.0199889062970675,0,0,0,0,0,0,0,0,0,0,0,0,0,0,0,0,0,0,0,0,0,0,0,0,0,0,0,0,0,0,0,0,0,0,0,0,0,0,0,0,0,0,0,0,0,0,0,0,0,0,0,0,0,0
12,"Blue whiting",0,0,0.000999777,0,0,0,0,0,0,0.0320336015755852,0.0152521147486324,0,0,0.05005005,0.01,0,0,0,0.147147868959455,0.0024,0,0,0,0,0,0,0.001001392,0,0,0,0,0.0090027,0,0,0,0,0,0,0,0,0.003995206,0,0,0,0,0.0029282569071768,0,0,0,0,0,0,0,0,0,0,0,0,0,0,0,0,0,0
13,"Juvenile blue whiting",0,0,0,0.001,6.95e-05,0.00451365067704753,0.001,0,0,0.0230241517571052,0,0,0,0.1611612,0.0623,0,0,0.160200824578639,0,0,0,0,0,0.01398043,0,0,0.004005568,0,0,0,0,0.0090027,0,0,0,0,0,0,0,0,0.003995206,0.0970998828056136,0,0,0,0.0029282569071768,0,0,0,0,0,0,0,0,0,0,0,0,0,0,0,0,0,0
14,"Hake",0,0,0.0339989021656168,0,0,0,0,0,0,0,0,0,0,0,0,0,0,0.0556252754899264,0,0,0,0,0,0,0,0,0,0,0,0,0,0,0,0,0,0,0,0,0,0,0,0,0,0,0,0,0,0,0,0,0,0,0,0,0,0,0,0,0,0,0,0,0,0
15,"Juvenile hake",0,0,0,0.001,6.95e-05,0.00451365067704753,0.001,0,0.0342563869857617,0.0889669639583952,0,0,0,0.04204204,0.003998801,0,0,0.0100125477900531,0,0.000849083,0,0.01598402,0,0.02496505,0,0,0,0,0,0,0,0.0020006,0,0,0,0,0,0,0,0,0,0,0,0,0,0,0,0,0,0,0,0,0,0,0,0,0,0,0,0,0,0,0,0
16,"Plaice",0,0,0.149995197797338,0,0.0341029269964763,0,0,0,0,0,0,0,0,0,0,0,0,0,0,0,0,0,0,0,0,0,0,0,0,0,0,0,0,0,0,0,0,0,0,0,0,0,0,0,0,0,0,0,0,0,0,0,0,0,0,0,0,0,0,0,0,0,0,0
17,"Juvenile plaice",0,0,0,0,0,0,0,0,0,0.044046204665043,0,0,0,0,0,0.00100019984627212,0,0,0,0,0,0,0,0,0,0,0,0,0,0,0,0,0,0,0,0,0,0,0,0,0,0,0,0,0,0,0,0,0,0,0,0,0,0,0,0,0,0,0,0,0,0,0,0
18,"Megrim",0,0,0,0,0,0,0,0,0,0,0,0,0,0,0,0,0,0,0,0,0,0,0.01101101,0,0,0,0,0,0,0,0,0,0,0,0,0,0.002001982,0,0,0,0,0,0,0,0,0,0,0,0,0,0,0,0,0,0,0,0,0,0,0,0,0,0,0
19,"Juvenile megrim",0,0,0,0,0,0,0,0,0,0.00800840239278693,0.00717746414580538,0,0,0.02202202,0.00069979,0,0,0.0011125053100059,0,0,0,0.04795204,0,0,0,0,0,0,0,0,0,0,0,0,0,0,0,0,0,0,0,0,0,0,0,0,0,0,0,0,0,0,0,0,0,0,0,0,0,0,0,0,0,0
20,"Whiting",0,0,0,0,0,0,0,0,0,0,0,0,0,0,0,0,0,0,0,0,0,0,0,0,0,0,0,0,0,0,0.164835196703296,0,0,0,0,0,0,0,0,0,0,0,0,0,0,0,0,0,0,0,0,0,0,0,0,0,0,0,0,0,0,0,0,0
21,"Juvenile whiting",0,0.314736944852631,0.109996471716777,0.001,6.95e-05,0.00451365067704753,0.001,0,0,0.0540567089053333,0.00179436557794521,0,0,0.04404405,0,0,0,0,0,0.05793742,0,0.05894106,0.05605606,0,0,0,0,0,0,0,0,0.0090027,0,0,0,0,0.05305252,0,0,0,0,0,0,0,0,0.0175695385148044,0,0,0,0,0,0,0,0,0,0,0,0,0,0,0,0,0,0
22,"Monkfish",0,0.00199200598007994,0,0,0,0,0,0,0,0,0,0,0,0,0,0,0,0,0,0,0,0,0,0,0,0,0,0,0,0,0,0,0,0,0,0,0,0,0,0,0,0,0,0,0,0,0,0,0,0,0,0,0,0,0,0,0,0,0,0,0,0,0,0
23,"Juvenile monkfish",0,0.0498001495019985,0,0,0,0,0,0,0,0.0229872422416277,0,0,0,0,0,0,0,0,0,0,0,0,0,0,0,0,0,0,0,0,0,0.0010003,0,0,0,0,0,0,0.0234258240007471,0,0,0,0,0,0,0,0,0,0,0,0,0,0,0,0,0,0,0,0,0,0,0,0,0
24,"Haddock",0,0,0.0720120796852897,0,0,0,0,0,0,0,0,0,0,0,0,0,0,0,0,0,0,0,0,0,0,0,0,0,0,0,0,0,0,0,0,0,0,0,0,0,0,0,0,0,0,0,0,0,0,0,0,0,0,0,0,0,0,0,0,0,0,0,0,0
25,"Juvenile haddock",0,0,0.0119996178241684,0.001,0,0.00451365067704753,0.001,0,0,0.0110115486676475,0,0,0,0,0,0,0,0.000634127826910729,0,0,0,0,0,0,0,0,0,0,0,0,0,0,0,0,0,0,0,0,0,0,0,0,0,0,0,0,0,0,0,0,0,0,0,0,0,0,0,0,0,0,0,0,0,0
26,"Sole",0,0,0.00599980591151213,0,0,0,0,0,0,0.00559689376317891,0,0,0,0,0,0,0,0,0,0.000319655,0,0,0,0,0,0,0,0,0,0,0,0,0,0,0,0,0,0,0,0,0,0,0,0,0,0,0,0,0,0,0,0,0,0,0,0,0,0,0,0,0,0,0,0
27,"Mackerel",0.0179785223118803,0.239040717609593,0,0.25758143553663,0,0,0,0,0,0.0534003631726159,0.0314014067841639,0,0,0.1901902,0.1,0,0,0.0333751593001769,0.0135668206207919,0,0,0.202,0,0.1967246,0.00611269595933119,0,0.009012528,0,0,0.3946054,0.202797195944056,0.3441032,0,0,0,0,0.01000991,0,0,0,0,0.114279478316274,0,0,0,0.106393316561871,0,0,0,0,0,0,0,0,0,0,0,0,0,0,0,0,0,0
28,"Horse mackerel",0,0.288840867111591,0.0219992943433553,0,0,0,0,0,0,0.0680553697466551,0.00807464693477799,0,0,0.1501502,0.015,0,0,0.181338385510224,0.111665356671523,0.0065,0,0.417,0,0.1847414,0,0,0.06108491,0,0,0,0,0.05601681,0,0,0,0,0.01801784,0,0,0,0,0,0,0,0,0.10004876098708,0,0,0,0,0,0.1124454,0,0,0,0,0,0,0,0,0,0,0,0
29,"Red mullet",0,0,0,0,0,0,0,0,0,0,0,0,0,0,0,0,0,0,0,0,0,0,0,0,0,0,0,0,0,0,0,0,0,0,0,0,0.01000991,0,0,0,0,0,0,0,0,0,0,0,0,0,0,0,0,0,0,0,0,0,0,0,0,0,0,0
30,"Sea bass",0,0,0,0,0,0,0,0,0,0.0199889062970675,0,0,0,0,0,0,0,0,0,0,0,0,0,0,0,0,0,0,0,0.04495505,0,0,0,0,0,0,0,0,0,0,0,0,0,0,0,0,0,0,0,0,0,0,0,0,0,0,0,0,0,0,0,0,0,0
31,"Large sharks",0,0,0,0,0,0,0,0,0,0,0,0,0,0,0,0,0,0,0,0,0,0,0,0,0,0,0,0,0,0,0,0,0,0,0,0,0,0,0,0,0,0,0,0,0,0,0,0,0,0,0,0,0,0,0,0,0,0,0,0,0,0,0,0
32,"Small sharks",0,0,0,0,0,0,0,0,0,0.000540566989108801,0,0,0,0.007007007,0,0,0,0.00778753816900443,0,0,0,0,0,0.003994408,0,0,0,0,0,0,0,0,0,0,0,0,0,0,0,0,0,0,0,0,0,0,0,0,0,0,0,0,0,0,0,0,0,0,0,0,0,0,0,0
33,"Pilchard",0,0.001,0,0.00284097251649104,0.001,0.001,0.001,0,0,0.0420441058158755,0,0,0,0.088703,0.003,0,0,0,0,0,0.03,0,0,0,0,0,0,0,0,0.0304695375,0.351301292973974,0,0,0,0,0,0,0,0,0,0,0.117908453885959,0,0,0,0.0527112509751903,0,0,0,0,0,0.09279477,0,0,0,0,0,0,0,0,0,0,0,0
34,"Sprat",0.499503298211874,0.001,0.001,0.0511375052968387,0.001,0.909531511197475,0.00201499112032907,0.235213814484904,0.00342563969657929,0,0,0.02,0,0.00887020199999988,0.009,0,0,0,0,0.013931528,0.0088,1.63999999913678e-07,0.000370402000000047,0.0824013650000001,0,0,0.01602227,8.00000000689138e-08,0,0.0101565125,0,7.00000000186662e-08,0,0,3.33066907387547e-16,0,1.70000000743187e-08,2.69999999025217e-08,0,0,1.00000000058387e-07,0,0,4.00000000899681e-08,0.018,0,0,0,0,0,0,0,0,0,0,0,0,0,0,0,0,0,0,0
35,"European Anchovy",0,0.001,0,0.00284097251649104,0.001,0.001,0.001,0,0,0,0,0,0,0.0088703,0.003,0,0,0,0,0,0,0,0,0,0,0,0,0,0,0,0,0,0,0,0,0,0,0,0,0,0,0.0235816907771918,0,0,0,0,0,0,0,0,0,0,0,0,0,0,0,0,0,0,0,0,0,0
36,"Herring",0.481521179476246,0.0099600299003997,0.000199955,0.0568194503298208,0.422274464931993,0.0563895847402392,0.00201499112032907,0.235213814484904,0.00342563969657929,0,0,0.01287689,0,0.009672471,0.009,0,0,0,0,0.06,0.045,0,0,0,0,0,0,0,0,0.02031302,0.0702771185944576,0.0180054,0,0,0,0,0.001000991,0,0,0,0,0.00643473627512209,0,0,0.018,0.0263516723414293,0,0,0,0,0,0,0,0,0,0,0,0,0,0,0,0,0,0
37,"Rays and Skates",0,0,0,0,0,0,0,0,0,0,0,0,0,0,0,0,0,0,0,0,0,0,0,0,0,0,0,0,0,0,0,0,0,0,0,0,0.05004955,0,0,0,0,0,0,0,0,0,0,0,0,0,0,0,0,0,0,0,0,0,0,0,0,0,0,0
38,"Turbot and Brill",0,0.0099600299003997,0.0109996471716777,0,0,0,0,0,0,0.00100105042402903,0,0,0,0,0,0,0,0,0,0,0,0,0,0,0,0,0,0,0,0,0,0,0,0,0,0,0,0,0,0,0,0,0,0,0,0,0,0,0,0,0,0,0,0,0,0,0,0,0,0,0,0,0,0
39,"Small and medium flatfish",0,0,0.0199993530383738,0.001,0.00200605429502098,0.001,0.001,0,0,0.0730766529696505,0.0215323924374161,0,0,0.001001001,1e-04,0,0,0.00333751593001769,0.0052180104649801,0.002996763,0,0,0.4374374,0,0,0,0,0,0,0,0.210789195784216,0.0030009,0,0,0,0,0,0,0,0.042708741312039,0,0,0,0,0,0.0117130256765362,0,0,0,0,0,0.08078603,0,0,0,0,0,0,0,0,0,0,0,0
40,"Trisopterus",0.00019996,0.0697202192628278,0.131995766060132,0.00757592737087208,0,0,0,0,0.212389633243829,0.100105042402903,0.237350283806819,0,0,0.1571572,0.196,0,0,0.389376958398379,0.0344388784520004,0.539,0.083,0.03796203,0.221,0.2496505,0,0,0,0,0,0.01798202,0,0.0240072,0,0,0,0,0.003002973,0,0,0,0.005992808,0,0,0,0,0.0414836374848266,0,0,0,0,0,0,0,0,0,0,0,0,0,0,0,0,0,0
41,"Gurnards",0,0,0,0,0,0,0,0,0,0.100105042402903,0,0,0,0.007007007,0,0,0,0,0,0,0,0,0,0,0,0,0,0,0,0,0,0,0,0,0,0,0,0,0,0,0,0,0,0,0,0.00585651283826812,0,0,0,0,0,0,0,0,0,0,0,0,0,0,0,0,0,0
42,"Pollack and Saithe",0,0,0.135995628666281,0.001,0.114345118702913,0.001,0.001,0,0,0.0500525012125453,0,0,0,0,0,0,0,0,0,0,0,0.03796203,0,0,0,0,0,0,0,0,0,0,0,0,0,0,0,0,0,0,0,0,0,0,0,0.0390434238022148,0,0,0,0,0,0,0,0,0,0,0,0,0,0,0,0,0,0
43,"Small benthic fishes",0,0.0099600299003997,0.103996627798018,0.00134472667753017,0.364098862508548,0,0,0,0.164430693459768,0.0800840139334162,0.0645971773122484,0,0,0.001001001,0.0009997,0,0,0.0233626214997554,0.0563545202088647,0.035,0.01,0.001998002,0.149,9.99e-05,0.000436620827830511,0,0,0,0,0.00899101,0,0.0030009,0,0,0,0,0.01401387,0.07010516,0.0170622223758764,0.0194811856317382,0.02896524,0.000771736255081539,0,0,0,0.0078086837843575,0,0,0,0,0,0.04039301,0,0,0,0,0,0,0,0,0,0,0,0
44,"Small pelagic spp.",0.001,0.001,0.0249991962989207,0.001,0.001,0.001,0.001,0.001,0,0.0130136475168149,0.0170464784925531,0,0,0.04004004,0.04,0,0,0.0623003073499618,0.0104360189335492,0.03,0.001996406,0.006993007,0.04504505,0.08987418,0.000349296662264409,0,0.002002784,0.004995005,0,0.08791209,0,0.0010003,0,0,0,0,0.000910902,0,0,0,0.00699161,0,0,0,0,0.0175695385148044,0,0,0,0,0,0.2936682,0,0,0,0,0,0,0,0,0,0,0,0
45,"Garfish",0,0,0,0.25758143553663,0,0,0,0,0.00685128039116168,0,0,0,0,0,0,0,0,0,0,0,0,0,0,0,0,0,0,0,0,0,0,0,0,0,0,0,0,0,0,0,0,0,0,0,0,0,0,0,0,0,0,0,0,0,0,0,0,0,0,0,0,0,0,0
46,"Demersal predators",0,0,0.0179994217352992,0.00946990871841812,0.00802421718008393,0,0,0,0,0.00400420069667081,0.00717746414580538,0,0,0.006006006,0,0,0,0,0,0,0,0,0,0,0,0,0,0,0,0,0,0,0,0,0,0,0.1011001,0,0,0,0,0,0,0,0,0,0,0,0,0,0,0,0,0,0,0,0,0,0,0,0,0,0,0
47,"Small crabs and other",0,0,0,0.0170458301472264,0.0110332946414959,0,0.167244194814588,0.0440077366090842,0,0.0490514567851881,0.43782521202278,0.150185,0.0300882999999999,0.003003003,0.26,0,0.15,0.0356001799098203,0.2838597988418,0.105,0.1487323,0.02197802,0.02202202,0.02796086,0.145831443889471,0,0.08712111,0.004995005,0.248732324186444,0.3496504,0,0.210063,0,0,0,0.00483755153347696,0.6416352,0.3345017,0.155567318786798,0.330430797894815,0.6322412,0.102640945651688,0.0751714205921938,0,0.76,0.0209858425508881,0.006060606,0.18,0,0,0,0.09170306,0.004,0,0,0,0,0,0,0,0,0,0,0
48,"Large crabs and lobsters",0,0,0,0,0.00200605429502098,0,0,0,0,0.0290304483046075,0,0,0,0.002002002,0,0,0,0.00667503285899853,0.0469621051650814,0.002996763,0.000798563,0.04595404,0,0.01098462,0.0253240254929858,0,0,0,0.0717147973834723,0,0,0,0,0,0,0,0.01301288,0.0440661,0.0311445743466628,0,0,0,0,0,0,0.0278184359817736,0,0,0,0,0,0,0,0,0,0,0,0,0,0,0,0,0,0
49,"Small benthic crustacea",0,0,0,0.0378796269509207,0,0,0.0947045717873507,0,0.449900701441479,0,0.000448591394486304,0,0,0,0.05,0.0166033174481172,0.05,0,0.000208720777953185,0.000109881,0.000998203,0,0,0.00499301,0.00611269595933119,0,0.004005568,0.000799201,0.0181556423766793,0,0,0.00020006,0,0,0.0555555555555556,0.00950449422740722,0.001000991,0,0.00301098099439319,0.00674348554911426,0.003995206,0.0509345899595218,0.0432039482218072,0.01455767,0.02,0,0,0,0,0,0,0.09279476,0.003,0,0,0,0,0,0,0,0,0,0,0
50,"Bivalves",0,0,0,0,0,0,0.0987345480999458,0,0,0.000320336215644915,0.00179436557794521,0,0,0,0,0,0,0.000511752842187975,0.00417440857162518,0,0,0,0,0.00499301,0.124873644153607,0,0,0,0,0,0,0.0030009,0,0,0,0,0,0.000500751,0.109508296641623,0,0.003995206,0,0,0,0.01301301,0,0.2424242,0.2,0,0,0,0.05567685,0,0,0.05,0,0,0,0,0,0,0,0,0
51,"Gastropods",0,0,0,0,0,0,0.000815777,0,0,0,0,1.11022302462516e-16,0,1.11022302462516e-16,0,0,0,0,0,0,0,0.006993007,0,0.00499301,0,0,0.0120167,0.009990009,0,0,0,0.0010003,0,0.0666666666666667,0,0,0,0.01101652,0,0,0.002996404,0,0,0,0.02,0,0,0,0,0,0,0.002183406,0,0,0,0,0,0,0,0,0,0,0,0
52,"Cuttlefish",0,0,0,0,0,0,0,0,0,0.000540566989108801,0.00448591394486304,0,0,0,0.0019994,0,0,0.00556252655002948,0.0448748973855496,0.001997842,0,0.07592407,0,0,0.00174648418526285,0,0,0,0,0,0,0.0110033,0,0,0,0,0.01401387,0,0,0.00599421004234777,0.03395925,0,0,0,0,0.00585651283826812,0,0,0,0,0,0.02510916,0,0,0,0,0,0,0,0,0,0,0,0
53,"Squid",0,0,0.0539982552039906,0.00568194602332605,0,0.001,0.001,0.482567634421107,0,0.000320336215644915,0.000897182788972607,0,0,0,0.00089973,0,0,0.00333751593001769,0.0177412461619107,0.001997842,0,0.02197802,0.04904905,0.001997204,0,0,0,0,0,0.02597403,0,0.10003,0,0,0,0,0.005004955,0,0,0.0404609147917395,0,0.205281819406881,0,0,0,0,0,0,0,0,0,0.1124454,0,0,0,0,0,0,0,0,0,0,0,0
54,"Sessile invertebrate",0,0,0,0,0,0,0,0,0,0.000540566989108801,0.000897182788972607,0,0,0,0,0,0,0.0011125053100059,0,0,0,0,0,0.002995806,0.0157183585413065,0,0.007009745,0,0,0,0,0.0140042,0,0,0,0,0,0,0.189609362518234,0,0,0,0,0,0,0,0,0,0,0,0,0,0,0,0.01,0,0,0,0,0,0,0,0,0
55,"Echinoderms",0,0,0,0.001,0,0,0.001,0,0.001,0,0.000807465060282704,0,0,0,0.00039988,0,0,0,0,0,0,0,0,0.02696225,0.455832406437296,0.3914,0,0,0.21877554425169,0,0,0,0,0,0,0,0,0,0.0160585685624487,0,0,0,0,0,0,0,0,0,0,0,0,0,0,0,0.06,0,0,0,0,0,0,0,0,0
56,"Polychaetes",0,0,0,0.000344241,0,0,0.00805996250529526,0,0,0.00400420069667081,0,0,0,0,0,0.763152582705611,0.21,0.000634127826910729,0,0.000529428,0.048,0,0,0.007988816,0,0.6086,0.000700974,0,0.351311691801714,0.00899101,0,0.02800841,0,0,0,0,0.01501486,0.01802704,0.320167658773216,0.0389623637782066,0.002996404,0,0.629518644519333,0,0.02,0,0,0,0,0,0,0,0.001,0,0.11,0,0,0,0,0,0,0,0,0
57,"Nematoda",0,0,0,0,0,0,0,0,0,0,0,0,0,0,0,0,0,0.00222501161897495,0,0,0,0,0.009009008,0.000299581,0.000785918364035728,0,0.001001392,0,0,0,0,0.0010003,0,0,0,0,0,0,0,0,0,0,0,0,0,0,0,0,0,0,0,0,0,0.01,0,0,0,0,0,0,0,0,0,0
58,"Large zooplankton",0,0,0,0,0,0,0,0,0.0376820376603753,5e-04,0.0626455,0.0562,0,0,0.05,0,0,0,0.000313644,0.097,0.064,0,0,0.0297,0.075255,0,0.3775248,0.4415584,0.045655,0,0,0,0.4219,0.0933333333333333,0.708333333333333,0.481875,0.000100099,0.001001502,0.002053093,0.001001001,0.00019976,0.140533333333333,0.100034333333333,0.8972564,0.011,0.256466666666667,0,0,0,0,0,0,0.018,0,0,0,0,0,0,0.5,0.1151151,0,0,0
59,"Small zooplankton",0,0,0,0,0,0,0,0,0.0376820376603753,0,0.06,0.06555,0.06555,0,0,0,0.16,0.0014,0.0014,0.016,0.374,0,0,0,0.025105,0,0,0,0.045555,0,0,0,0.34745,0.84,0.125,0.336225,0,0,0.019472,0.171875,0,0.06045,0.0803033333333333,0,0,0.0288166666666667,0,0,0,0,0,0,0,0.49,0,0,0,0,0,0.5,0.1151151,0,0,0
60,"Carnivorous macroplankton",0,0,0,0.001,0,0.001,0.001,0.001,0.0137025627783296,0,0,0,0,0,0,0,0.33,0,0,0,0,0,0,0,0,0,0.000911267,0,0,0,0,0.00050015,0,0,0,0,0,0,0,0,0,0,0,0.0299952,0,0,0,0,0,0,0,0,0,0,0,0,0,0,0,0,0.005005005,0,0,0
61,"Euphausiids",0,0,0,0.00757592737087208,0,0.00451365067704753,0,0,0.0342563869857617,5e-04,0.0026455,0.6952305,0.9043617,0,0.184,0.2192439,0,0.01447758,0.2195505,0.025355,0.1846676,0,0,0.0297,0.05015,0,0.3965513,0.5374625,1e-04,0,0,0.1520456,0.07445,0,0.111111111111111,0.14565,0.04704658,0.5207812,0.1129201,0.3423423,0.2696764,0.0800833333333333,0.07176832,0.05819069,0.12,0.22765,0,0,0,0,0,0,0.974,0,0,0,0,0,0,0,0,0,0,0
62,"Microflagellate",0,0,0,0,0,0,0,0,0,0,0,0,0,0,0,0,0,0,0,0,0,0,0,0,0,0,0,0,0,0,0,0,0,0,0,0,0,0,0,0,0,0,0,0,0,0,0,0,0,0,0,0,0,0,0,0,0,0.33,0.33,0,0,0,0,0
63,"Pelagic bacteria",0,0,0,0,0,0,0,0,0,0,0,0,0,0,0,0,0,0,0,0,0,0,0,0,0,0,0,0,0,0,0,0,0,0,0,0,0,0,0,0,0,0,0,0,0,0,0,0,0,0,0,0,0,0,0,0,0,0,0,0,0,0.7,0,0
64,"Benthic bacteria",0,0,0,0,0,0,0,0,0,0,0,0,0,0,0,0,0,0,0,0,0,0,0,0,0,0,0,0,0,0,0,0,0,0,0,0,0,0,0,0,0,0,0,0,0,0,0,0,0,0,0,0,0,0,0,0.3,0.3,0,0,0,0,0,0,0
65,"Phytoplankton",0,0,0,0,0,0,0,0,0,0,0.0161492920355315,0,0,0,1e-04,0,0.1,0,0.00208720478491534,0,0,0,0,0,0.066366409527278,0,0.02002784,0.0001998,0,0,0,0,0.1562,0,0,0.0219079542391159,0,0,0,0,0,0,0,0,0,0,0,0,0,0.5,0,0,0,0.1,0.05,0,0,0.6,0.6,0,0.5815816,0,0,0
66,"Particulate organic matter",0,0,0,0,0,0,0,0,0,0,0,0,0,0,0,0,0,0,0,0,0,0,0,0,0,0,0,0,0,0,0,0,0,0,0,0,0,0,0,0,0,0,0,0,0,0,0.7515152,0.62,1,0.5,1,0,0,0.4,0,0.4,0.7,0,0,0,0.1831832,0.3,0,0
67,"Discards",0,0,0,0.274627335007934,0.001,0,0.604497336098721,0.001,0.001,0,0,0,0,0,0,0,0,0,0,0,0,0,0,0,0,0,0,0,0,0,0,0,0,0,0,0,0,0,0,0,0,0,0,0,0,0,0,0,0,0,0,0,0,0,0,0,0,0,0,0,0,0,0,0
68,"Dissolved organic matter",0,0,0,0,0,0,0,0,0,0,0,0,0,0,0,0,0,0,0,0,0,0,0,0,0,0,0,0,0,0,0,0,0,0,0,0,0,0,0,0,0,0,0,0,0,0,0,0,0,0,0,0,0,0,0.72,0.3,0,0.06999999,0.06999999,0,0,0,1,1
69,"Import",0,0,0,0,0,0,0,0,0,0,0,0,0,0,0,0,0,0,0,0,0,0,0,0,0,0,0,0,0,0,0,0,0,0,0,0,0,0,0,0,0,0,0,0,0,0,0,0,0,0,0,0,0,0,0,0,0,0,0,0,0,0,0,0
70,"Sum",1.00020296,1.000003,1.001202732,1.000347241,1.000281,1.000003,1.001022721,1.000003,1.000003,1,1,1.00004239,1,1,1.000497301,1,1,1,1,0.999921205,0.999993072,1,1,1,1,1,1.000000148,1,1,1.00000008,1,1,1,1,1,1,1,1,1,1,1,1,1,1,1.00001301,1,1.000000006,1,1,1,1,1.000000046,1,1,1,1,1,0.99999999,0.99999999,1,1.000000005,1,1,1
71,"(1 - Sum)",-0.000202959999999974,-2.99999999997524e-06,-0.0012027320000001,-0.000347241000000054,-0.000280999999999976,-2.99999999997524e-06,-0.001022721,-2.9999999997532e-06,-2.99999999997524e-06,0,0,-4.23900000001698e-05,0,0,-0.000497301000000006,0,0,1.11022302462516e-16,0,7.87949999999649e-05,6.92800000001714e-06,0,0,0,0,0,-1.48000000033122e-07,0,0,-7.99999999578915e-08,-2.22044604925031e-16,0,1.11022302462516e-16,0,0,0,0,0,0,-2.22044604925031e-16,0,1.11022302462516e-16,1.11022302462516e-16,0,-1.300999999998e-05,0,-6.00000005235302e-09,0,0,0,0,-4.60000000312988e-08,0,0,0,0,0,1.00000000502476e-08,1.00000000502476e-08,0,-4.99999996961265e-09,0,0,0
